row,id,firstname,lastname
1,C001,John,Smith
2,C002,Sarah,Johnson
3,C003,Michael,Brown
4,C004,Emily,Davis
5,C005,Daniel,Wilson
6,C006,Laura,Miller
7,C007,James,Taylor
8,C008,Amy,Anderson
9,C009,Robert,Thomas
10,C010,Jessica,Moore
11,C011,Chris,Evans
12,C012,Olivia,Harris
13,C013,William,Clark
14,C014,Sophia,Lewis
15,C015,Henry,Walker
16,C016,Mia,Hall
17,C017,George,Allen
18,C018,Chloe,Young
19,C019,Jack,King
20,C020,Lily,Wright
21,C021,Ethan,Scott
22,C022,Grace,Green
23,C023,Noah,Adams
24,C024,Isabella,Baker
25,C025,Lucas,Nelson
26,C026,Ava,Carter
27,C027,Mason,Mitchell
28,C028,Harper,Perez
29,C029,Logan,Roberts
30,C030,Ella,Turner
31,C031,Jacob,Phillips
32,C032,Aria,Campbell
33,C033,Michael,Parker
34,C034,Sofia,Edwards
35,C035,Benjamin,Collins
36,C036,Amelia,Stewart
37,C037,Elijah,Morris
38,C038,Charlotte,Rogers
39,C039,James,Cook
40,C040,Abigail,Morgan
41,C041,Matthew,Reed
42,C042,Evelyn,Bailey
43,C043,Joseph,Rivera
44,C044,Scarlett,Cooper
45,C045,David,Richardson
46,C046,Victoria,Cox
47,C047,Andrew,Howard
48,C048,Penelope,Ward
49,C049,Samuel,Torres
50,C050,Nora,Foster
